{
  "run": [
    {
      "filePath": "/webapp/index.html",
      "previewMode": 0,
      "dataMode": 1,
      "workspace": "withoutWorkspace",
      "ui5ActiveVersion": null,
      "ui5VerSource": null,
      "isDefaultVersion": 0,
      "urlParameters": [],
      "hashParameter": "",
      "backendSystem": [],
      "urlParametersNotNeeded": false,
      "_metadata": {
        "id": 7835419,
        "runnerId": "webapprunner",
        "displayName": "Run index.html 1",
        "lastRunTimeStamp": 1495226272244
      }
    },
    {
      "filePath": "/webapp/index.html",
      "previewMode": 1,
      "dataMode": 1,
      "workspace": "withoutWorkspace",
      "ui5ActiveVersion": null,
      "ui5VerSource": null,
      "isDefaultVersion": 0,
      "urlParameters": [],
      "hashParameter": "",
      "backendSystem": [],
      "urlParametersNotNeeded": false,
      "_metadata": {
        "id": 8558998,
        "runnerId": "webapprunner",
        "displayName": "Run index.html",
        "lastRunTimeStamp": 1485433828070,
        "hasIssues": true
      }
    },
    {
      "filePath": "/webapp/Component.js",
      "previewMode": 1,
      "dataMode": 1,
      "workspace": "withoutWorkspace",
      "ui5ActiveVersion": null,
      "ui5VerSource": null,
      "isDefaultVersion": 0,
      "urlParameters": [],
      "hashParameter": "",
      "backendSystem": [],
      "_metadata": {
        "id": 152139,
        "runnerId": "fiorirunner",
        "displayName": "Run Component.js",
        "lastRunTimeStamp": 1495225418321
      }
    }
  ]
}